
SET NAMES utf8;
SET time_zone = '+00:00';
SET foreign_key_checks = 0;
SET sql_mode = 'NO_AUTO_VALUE_ON_ZERO';

DROP DATABASE IF EXISTS `mind_atlas`;
CREATE DATABASE `mind_atlas` /*!40100 DEFAULT CHARACTER SET utf8 */;
USE `mind_atlas`;

DROP TABLE IF EXISTS `courses`;
CREATE TABLE `courses` (
  `id` int(11) NOT NULL AUTO_INCREMENT,
  `description` text NOT NULL,
  PRIMARY KEY (`id`)
) ENGINE=InnoDB DEFAULT CHARSET=utf8;

INSERT INTO `courses` (`id`, `description`) VALUES
(1,	'Learn Python: The Complete Python Programming Course'),
(2,	'Learning Python for Data Analysis and Visualization Ver 1'),
(3,	'Python for Beginners - Learn Programming from scratch'),
(4,	'The Complete 2023 Web Development Bootcamp'),
(5,	'100 Days of Code: The Complete Python Pro Bootcamp for 2023'),
(6,	'Ultimate AWS Certified Solutions Architect Associate SAA-C03'),
(7,	'React - The Complete Guide (incl Hooks, React Router, Redux)'),
(8,	'React - The Complete Guide (incl Hooks, React Router, Redux)'),
(10,	'Learn SQL in 6 days'),
(11,	'SQL for NEWBS: Weekender Crash Course'),
(12,	'PHP for Beginners - Become a PHP Master - CMS Project'),
(13,	'The Complete 2021 PHP Full Stack Web Developer Bootcamp'),
(14,	'PHP for Beginners - Become a PHP Master - CMS Project'),
(15,	'PHP OOP: Object Oriented Programming for beginners + Project'),
(16,	'CSS - The Complete Guide 2023 (incl. Flexbox, Grid & Sass)'),
(17,	'Advanced CSS and Sass: Flexbox, Grid, Animations and More!\r\n'),
(18,	'Modern HTML & CSS From The Beginning (Including Sass)'),
(19,	'Angular - The Complete Guide (2023 Edition)'),
(20,	'The Modern Angular Bootcamp');

DROP TABLE IF EXISTS `enrolments`;
CREATE TABLE `enrolments` (
  `id` int(11) NOT NULL AUTO_INCREMENT,
  `user_id` int(11) NOT NULL,
  `course_id` int(11) NOT NULL,
  `status_id` int(11) NOT NULL,
  PRIMARY KEY (`id`),
  UNIQUE KEY `user_id` (`user_id`,`course_id`),
  KEY `course_id` (`course_id`),
  KEY `status_id` (`status_id`),
  CONSTRAINT `enrolments_ibfk_1` FOREIGN KEY (`user_id`) REFERENCES `users` (`id`),
  CONSTRAINT `enrolments_ibfk_2` FOREIGN KEY (`course_id`) REFERENCES `courses` (`id`),
  CONSTRAINT `enrolments_ibfk_3` FOREIGN KEY (`status_id`) REFERENCES `statuses` (`id`)
) ENGINE=InnoDB DEFAULT CHARSET=utf8;

INSERT INTO `enrolments` (`id`, `user_id`, `course_id`, `status_id`) VALUES
(1,	9,	18,	1),
(2,	10,	2,	1),
(3,	11,	10,	1),
(5,	13,	13,	1),
(6,	14,	10,	1),
(7,	14,	13,	1),
(8,	14,	6,	2),
(9,	14,	14,	1),
(10,	14,	1,	2),
(11,	15,	20,	1),
(13,	16,	12,	2),
(14,	16,	8,	2),
(15,	16,	17,	3),
(17,	17,	7,	2),
(19,	18,	1,	2),
(20,	18,	18,	1),
(22,	19,	5,	2),
(23,	19,	13,	1),
(24,	19,	20,	3),
(25,	20,	20,	2),
(26,	20,	19,	3),
(27,	20,	4,	1),
(28,	21,	19,	1),
(29,	21,	1,	2),
(30,	21,	7,	2),
(31,	22,	13,	2),
(32,	22,	8,	1),
(33,	22,	7,	2),
(34,	23,	10,	1),
(35,	23,	1,	3),
(36,	23,	17,	2),
(37,	24,	8,	2),
(39,	25,	19,	3),
(40,	25,	7,	2),
(41,	25,	6,	3),
(42,	26,	14,	1),
(44,	27,	16,	3),
(46,	28,	7,	3),
(47,	28,	2,	2),
(48,	28,	11,	3),
(49,	29,	16,	1),
(50,	29,	6,	3),
(51,	29,	8,	2),
(52,	30,	19,	3),
(53,	30,	3,	2),
(54,	30,	11,	1),
(55,	31,	8,	2),
(56,	31,	5,	3),
(57,	31,	17,	3),
(58,	32,	17,	1),
(59,	32,	1,	3),
(60,	32,	11,	3),
(61,	33,	7,	3),
(62,	33,	17,	1),
(63,	33,	5,	1),
(64,	34,	8,	3),
(65,	34,	10,	3),
(66,	34,	19,	1),
(67,	35,	17,	2),
(68,	35,	5,	3),
(69,	35,	10,	3),
(70,	36,	8,	1),
(71,	36,	13,	2),
(73,	37,	7,	1),
(74,	37,	10,	1),
(75,	37,	18,	1),
(76,	38,	5,	3),
(77,	38,	4,	1),
(78,	38,	18,	3),
(79,	39,	16,	1),
(80,	39,	10,	3),
(81,	39,	8,	2),
(82,	40,	1,	3),
(83,	40,	7,	1),
(84,	40,	13,	1),
(85,	41,	10,	2),
(86,	41,	3,	1),
(87,	41,	6,	3),
(88,	42,	3,	1),
(89,	42,	4,	1),
(91,	43,	16,	3),
(92,	43,	10,	1),
(93,	43,	15,	1),
(95,	45,	16,	3),
(97,	46,	14,	2),
(98,	46,	15,	2),
(99,	46,	8,	1),
(100,	47,	11,	3),
(101,	47,	2,	1),
(102,	47,	1,	2),
(103,	48,	3,	2),
(104,	48,	16,	3),
(105,	48,	11,	2),
(107,	50,	8,	3),
(109,	51,	8,	2),
(110,	51,	5,	1),
(111,	51,	19,	1),
(112,	52,	20,	3),
(113,	52,	11,	3),
(114,	52,	13,	1),
(115,	53,	5,	1),
(116,	53,	7,	3),
(118,	54,	14,	1),
(119,	54,	15,	2),
(120,	54,	16,	3),
(121,	55,	1,	1),
(122,	55,	17,	2),
(123,	55,	10,	2),
(124,	56,	15,	3),
(125,	56,	17,	3),
(126,	56,	5,	2),
(127,	57,	2,	3),
(128,	57,	16,	1),
(130,	58,	12,	3),
(131,	58,	20,	1),
(133,	59,	11,	1),
(134,	59,	2,	3),
(135,	59,	15,	2),
(136,	60,	1,	2),
(137,	60,	15,	1),
(138,	60,	17,	1),
(139,	61,	13,	2),
(140,	61,	8,	1),
(141,	61,	3,	3),
(142,	62,	12,	1),
(143,	62,	14,	3),
(145,	63,	5,	2),
(146,	63,	3,	2),
(147,	63,	1,	2),
(148,	64,	14,	2),
(149,	64,	2,	1),
(150,	64,	7,	3),
(151,	65,	14,	1),
(152,	65,	17,	3),
(153,	65,	12,	1),
(154,	66,	3,	2),
(155,	66,	19,	1),
(156,	66,	20,	3),
(157,	67,	3,	2),
(158,	67,	19,	3),
(159,	67,	13,	3),
(160,	68,	14,	2),
(161,	68,	16,	3),
(163,	69,	15,	1),
(164,	69,	5,	2),
(165,	69,	10,	2),
(166,	70,	18,	2),
(167,	70,	2,	3),
(168,	70,	15,	3),
(169,	71,	4,	2),
(170,	71,	3,	3),
(171,	71,	17,	1),
(172,	72,	3,	2),
(173,	72,	16,	2),
(174,	72,	8,	3),
(175,	73,	6,	3),
(177,	74,	20,	3),
(178,	74,	10,	3),
(179,	74,	18,	1),
(180,	75,	13,	1),
(181,	75,	16,	1),
(182,	75,	6,	1),
(183,	76,	16,	1),
(184,	76,	6,	3),
(185,	76,	18,	2),
(186,	77,	1,	1),
(187,	77,	3,	2),
(188,	77,	11,	1),
(189,	78,	11,	2),
(190,	78,	1,	2),
(191,	78,	15,	3),
(192,	79,	13,	2),
(193,	79,	10,	3),
(194,	79,	20,	3),
(195,	80,	18,	2),
(196,	80,	11,	1),
(197,	80,	4,	2),
(198,	81,	14,	2),
(200,	82,	4,	1),
(201,	82,	20,	1),
(203,	83,	10,	2),
(204,	83,	7,	2),
(205,	83,	16,	2),
(206,	84,	19,	3),
(207,	84,	8,	1),
(208,	84,	4,	2),
(209,	85,	14,	2),
(210,	85,	15,	3),
(211,	85,	6,	3),
(212,	86,	4,	3),
(213,	86,	5,	1),
(214,	86,	14,	2),
(215,	87,	1,	1),
(216,	87,	6,	3),
(217,	87,	5,	2),
(219,	89,	19,	2),
(220,	89,	2,	3),
(221,	89,	17,	3),
(222,	90,	3,	2),
(224,	91,	16,	1),
(225,	91,	18,	3),
(226,	91,	2,	2),
(227,	92,	10,	1),
(228,	92,	4,	2),
(229,	92,	5,	3),
(230,	93,	10,	2),
(231,	93,	7,	1),
(232,	93,	8,	3),
(233,	94,	19,	1),
(234,	94,	15,	1),
(235,	94,	7,	3),
(236,	95,	19,	2),
(237,	95,	3,	2),
(238,	95,	4,	1),
(239,	96,	10,	1),
(240,	96,	18,	1),
(241,	96,	4,	2),
(242,	97,	3,	2),
(243,	97,	17,	1),
(244,	97,	6,	3),
(245,	98,	15,	2),
(246,	98,	11,	3),
(248,	99,	13,	2),
(249,	99,	2,	2),
(250,	99,	15,	3),
(251,	100,	19,	3),
(252,	100,	15,	3),
(253,	100,	3,	3),
(254,	101,	12,	2),
(255,	101,	6,	3),
(256,	101,	5,	3),
(257,	102,	20,	3),
(258,	102,	16,	3),
(259,	102,	17,	1),
(260,	103,	3,	3),
(261,	103,	10,	2),
(263,	104,	6,	2),
(264,	104,	1,	2),
(265,	104,	12,	2),
(266,	105,	8,	1),
(267,	105,	5,	3),
(268,	105,	15,	3),
(269,	106,	15,	1),
(270,	106,	17,	2),
(271,	106,	13,	1),
(272,	107,	19,	2),
(273,	107,	6,	1),
(274,	107,	7,	2),
(276,	109,	1,	2),
(277,	109,	19,	2),
(278,	109,	14,	1),
(279,	110,	19,	1),
(280,	110,	4,	1),
(281,	110,	15,	2),
(282,	111,	20,	1),
(283,	111,	7,	3),
(284,	111,	15,	1),
(285,	112,	16,	2),
(286,	112,	7,	3),
(287,	112,	5,	2),
(288,	113,	12,	1),
(289,	113,	5,	1),
(290,	113,	15,	2),
(291,	114,	19,	1),
(293,	115,	18,	2),
(294,	115,	3,	1),
(295,	115,	20,	3),
(296,	116,	15,	2),
(297,	116,	8,	2),
(299,	117,	19,	2),
(300,	117,	8,	1),
(301,	117,	6,	2),
(302,	118,	12,	3),
(303,	118,	19,	2),
(304,	118,	17,	1),
(305,	119,	2,	2),
(306,	119,	8,	3),
(307,	119,	13,	1),
(308,	120,	1,	1),
(309,	120,	5,	3),
(310,	120,	13,	3),
(311,	121,	19,	2),
(312,	121,	20,	3),
(313,	121,	3,	2),
(314,	122,	3,	2),
(315,	122,	6,	2),
(316,	122,	4,	2),
(317,	123,	1,	2),
(318,	123,	11,	3),
(319,	123,	12,	3),
(320,	124,	16,	3),
(321,	124,	12,	3),
(322,	124,	17,	1),
(323,	125,	10,	3),
(325,	126,	16,	1),
(326,	126,	15,	3),
(327,	126,	10,	3),
(328,	127,	8,	3),
(329,	127,	18,	1),
(330,	127,	12,	2),
(331,	128,	5,	1),
(332,	128,	17,	1),
(333,	128,	15,	2),
(334,	129,	12,	1),
(335,	129,	4,	1),
(336,	129,	19,	1),
(337,	130,	13,	1),
(338,	130,	8,	3),
(339,	130,	6,	1),
(340,	131,	6,	2),
(342,	132,	19,	2),
(344,	133,	15,	1),
(345,	133,	18,	1),
(346,	133,	5,	1),
(347,	134,	10,	3),
(348,	134,	15,	3),
(349,	134,	17,	2),
(351,	136,	14,	3),
(352,	136,	5,	1),
(353,	136,	13,	1),
(354,	137,	13,	3),
(356,	138,	8,	3),
(357,	138,	20,	2),
(358,	138,	17,	1),
(359,	139,	7,	3),
(360,	139,	12,	1),
(361,	139,	16,	3),
(362,	140,	14,	3),
(363,	140,	8,	2),
(364,	140,	18,	1),
(365,	141,	7,	2),
(366,	141,	5,	2),
(367,	141,	2,	2),
(368,	142,	18,	3),
(369,	142,	5,	2),
(371,	143,	14,	3),
(372,	143,	20,	2),
(373,	143,	17,	1),
(374,	144,	20,	2),
(375,	144,	5,	3),
(376,	144,	18,	2),
(377,	145,	1,	2),
(378,	145,	13,	3),
(380,	146,	8,	3),
(381,	146,	17,	3),
(382,	146,	15,	1),
(383,	147,	19,	3),
(384,	147,	5,	3),
(385,	147,	14,	1),
(386,	148,	7,	1),
(387,	148,	13,	2),
(388,	148,	15,	3),
(389,	149,	3,	1),
(390,	149,	13,	1),
(391,	149,	12,	1),
(392,	150,	15,	3),
(393,	150,	5,	2),
(394,	150,	14,	3),
(395,	151,	10,	3),
(396,	151,	19,	2),
(397,	151,	2,	3),
(398,	152,	18,	1),
(399,	152,	5,	3),
(400,	152,	16,	2),
(401,	153,	4,	3),
(402,	153,	20,	2),
(403,	153,	19,	1),
(404,	154,	2,	3),
(405,	154,	10,	2),
(408,	156,	4,	1),
(409,	156,	13,	1),
(410,	156,	12,	2),
(411,	157,	20,	3),
(413,	158,	15,	3),
(414,	158,	8,	1),
(415,	158,	4,	2),
(416,	159,	20,	2),
(417,	159,	6,	3),
(418,	159,	5,	3),
(419,	160,	4,	2),
(420,	160,	12,	2),
(421,	160,	14,	3),
(422,	161,	6,	1),
(423,	161,	14,	2),
(424,	161,	1,	2),
(425,	162,	16,	3),
(426,	162,	6,	1),
(427,	162,	1,	1),
(428,	163,	3,	1),
(429,	163,	11,	3),
(430,	163,	10,	3),
(431,	164,	1,	3),
(432,	164,	18,	1),
(433,	164,	10,	3),
(434,	165,	12,	2),
(436,	166,	12,	1),
(437,	166,	4,	1),
(438,	166,	17,	2),
(439,	167,	2,	1),
(440,	167,	14,	1),
(441,	167,	12,	3),
(442,	168,	15,	1),
(443,	168,	14,	1),
(444,	168,	13,	2),
(445,	169,	10,	2),
(446,	169,	20,	3),
(447,	169,	6,	3),
(448,	170,	3,	3),
(449,	170,	20,	2),
(450,	170,	15,	2),
(451,	171,	11,	1),
(452,	171,	19,	1),
(454,	172,	19,	1),
(455,	172,	11,	1),
(456,	172,	17,	3),
(457,	173,	4,	1),
(458,	173,	14,	3),
(460,	174,	5,	2),
(461,	174,	18,	2),
(464,	176,	14,	3),
(465,	176,	16,	3),
(466,	176,	13,	1),
(467,	177,	6,	1),
(468,	177,	3,	1),
(469,	177,	14,	3),
(470,	178,	2,	1),
(471,	178,	7,	2),
(472,	178,	8,	1),
(473,	179,	14,	1),
(474,	179,	17,	2),
(475,	179,	16,	2),
(476,	180,	1,	1),
(477,	180,	3,	3),
(478,	180,	10,	2),
(479,	181,	5,	3),
(481,	182,	3,	3),
(482,	182,	15,	1),
(483,	182,	14,	1),
(484,	183,	13,	1),
(485,	183,	11,	1),
(486,	183,	20,	3),
(487,	184,	15,	3),
(488,	184,	13,	2),
(489,	184,	8,	3),
(490,	185,	11,	3),
(491,	185,	16,	2),
(493,	186,	11,	3),
(494,	186,	20,	2),
(495,	186,	18,	1),
(496,	187,	15,	3),
(497,	187,	13,	3),
(498,	187,	17,	3),
(499,	188,	1,	3),
(500,	188,	20,	3),
(501,	188,	2,	3),
(502,	189,	12,	3),
(503,	189,	8,	2),
(504,	189,	6,	2),
(505,	190,	14,	3),
(506,	190,	7,	1),
(507,	190,	6,	2),
(508,	191,	18,	1),
(509,	191,	8,	2),
(511,	192,	13,	3),
(512,	192,	12,	3),
(513,	192,	14,	3),
(514,	193,	11,	3),
(515,	193,	10,	3),
(516,	193,	12,	2),
(517,	194,	20,	3),
(518,	194,	13,	1),
(519,	194,	18,	2),
(520,	195,	11,	3),
(521,	195,	13,	2),
(523,	196,	17,	1),
(525,	197,	14,	1),
(526,	197,	6,	3),
(527,	197,	15,	1),
(528,	198,	2,	1),
(529,	198,	15,	1),
(530,	198,	19,	1),
(531,	199,	6,	3),
(532,	199,	11,	2),
(534,	200,	18,	3),
(536,	201,	14,	3),
(537,	201,	18,	1),
(538,	201,	5,	1),
(540,	203,	7,	3),
(541,	203,	5,	2),
(542,	203,	6,	2),
(543,	204,	8,	2),
(544,	204,	1,	1),
(545,	204,	14,	2),
(546,	205,	4,	2),
(547,	205,	19,	3),
(548,	205,	17,	3),
(549,	206,	20,	3),
(550,	206,	5,	2),
(552,	207,	16,	2),
(553,	207,	8,	1),
(554,	207,	14,	3),
(555,	208,	17,	1),
(556,	208,	2,	3),
(557,	208,	13,	1),
(558,	209,	8,	1),
(559,	209,	2,	3),
(560,	209,	15,	3),
(561,	210,	5,	1),
(562,	210,	6,	1),
(563,	210,	15,	2),
(564,	211,	10,	3),
(566,	212,	18,	2),
(567,	212,	12,	3),
(568,	212,	8,	1),
(569,	213,	10,	2),
(570,	213,	5,	3),
(572,	214,	18,	1),
(573,	214,	6,	2),
(575,	215,	12,	1),
(576,	215,	5,	3),
(579,	217,	6,	2),
(580,	217,	14,	3),
(581,	217,	12,	3),
(582,	218,	19,	1),
(583,	218,	12,	3),
(584,	218,	14,	3);

DROP TABLE IF EXISTS `statuses`;
CREATE TABLE `statuses` (
  `id` int(11) NOT NULL AUTO_INCREMENT,
  `name` varchar(30) NOT NULL,
  PRIMARY KEY (`id`)
) ENGINE=InnoDB DEFAULT CHARSET=utf8;

INSERT INTO `statuses` (`id`, `name`) VALUES
(1,	'started'),
(2,	'in progress'),
(3,	'completed');

DROP TABLE IF EXISTS `users`;
CREATE TABLE `users` (
  `id` int(11) NOT NULL AUTO_INCREMENT,
  `firstname` varchar(255) NOT NULL,
  `surname` varchar(255) NOT NULL,
  PRIMARY KEY (`id`)
) ENGINE=InnoDB DEFAULT CHARSET=utf8;

INSERT INTO `users` (`id`, `firstname`, `surname`) VALUES
(9,	'Darian',	'Mayer'),
(10,	'Jordane',	'Wintheiser'),
(11,	'Elsie',	'Hettinger'),
(12,	'Joanny',	'Dare'),
(13,	'Eulah',	'Cartwright'),
(14,	'Evert',	'Gaylord'),
(15,	'Madisyn',	'Lakin'),
(16,	'Vivianne',	'Abshire'),
(17,	'Joanie',	'Collier'),
(18,	'Tara',	'Parker'),
(19,	'Tyreek',	'Hackett'),
(20,	'Tiara',	'Daniel'),
(21,	'Chanel',	'Larson'),
(22,	'Layla',	'Schaden'),
(23,	'Lamont',	'Boyle'),
(24,	'Fabiola',	'Vandervort'),
(25,	'Emma',	'Bernhard'),
(26,	'Wanda',	'Marvin'),
(27,	'Jaylon',	'Cummerata'),
(28,	'Maya',	'Kemmer'),
(29,	'Daniella',	'Larson'),
(30,	'Cordie',	'Stoltenberg'),
(31,	'Brennon',	'Buckridge'),
(32,	'Monte',	'Ullrich'),
(33,	'Russel',	'Becker'),
(34,	'Genesis',	'Hermann'),
(35,	'Kari',	'Blick'),
(36,	'Ressie',	'Price'),
(37,	'Clare',	'Ondricka'),
(38,	'Kenna',	'Langworth'),
(39,	'Marvin',	'Hodkiewicz'),
(40,	'Otha',	'Schinner'),
(41,	'Horace',	'Senger'),
(42,	'Clarabelle',	'Ernser'),
(43,	'Tabitha',	'Nitzsche'),
(44,	'Darren',	'Douglas'),
(45,	'Eldridge',	'Heaney'),
(46,	'Herminio',	'Ortiz'),
(47,	'Lee',	'Sipes'),
(48,	'Vivien',	'Hilpert'),
(49,	'Gayle',	'Carter'),
(50,	'Guadalupe',	'Johnson'),
(51,	'Stuart',	'White'),
(52,	'Valentine',	'Lindgren'),
(53,	'Brady',	'O\'Kon'),
(54,	'Wendell',	'Runolfsdottir'),
(55,	'Margot',	'Turner'),
(56,	'Nigel',	'Carter'),
(57,	'Allison',	'Kulas'),
(58,	'Florine',	'Anderson'),
(59,	'Paige',	'Rippin'),
(60,	'Mathilde',	'Upton'),
(61,	'Virgil',	'Brekke'),
(62,	'Tracey',	'Mills'),
(63,	'Moshe',	'Altenwerth'),
(64,	'Ferne',	'Bauch'),
(65,	'Sadie',	'Collier'),
(66,	'Brisa',	'Reinger'),
(67,	'Carol',	'Streich'),
(68,	'Darrell',	'Zieme'),
(69,	'Clement',	'Larson'),
(70,	'Theresia',	'Roberts'),
(71,	'Derek',	'Crist'),
(72,	'Madisen',	'Jakubowski'),
(73,	'Bruce',	'West'),
(74,	'Gideon',	'Wehner'),
(75,	'Thad',	'Halvorson'),
(76,	'Neha',	'Nolan'),
(77,	'Melba',	'Dach'),
(78,	'Beulah',	'McDermott'),
(79,	'Amanda',	'Goyette'),
(80,	'Augusta',	'D\'Amore'),
(81,	'Josefina',	'Graham'),
(82,	'Reva',	'Jast'),
(83,	'Jaunita',	'Torp'),
(84,	'Elta',	'Shanahan'),
(85,	'Carmen',	'Frami'),
(86,	'Ursula',	'Greenholt'),
(87,	'Gavin',	'Crooks'),
(88,	'Dee',	'Muller'),
(89,	'Myrtie',	'Bosco'),
(90,	'Emelie',	'Schinner'),
(91,	'Stella',	'Crona'),
(92,	'Hassan',	'Haag'),
(93,	'Fannie',	'Haley'),
(94,	'Filiberto',	'Hoeger'),
(95,	'Esta',	'Strosin'),
(96,	'Eduardo',	'Hammes'),
(97,	'Baylee',	'Kirlin'),
(98,	'Sabryna',	'Casper'),
(99,	'Maxwell',	'Kohler'),
(100,	'Lorenzo',	'Abbott'),
(101,	'Maximo',	'Sporer'),
(102,	'Celine',	'Murphy'),
(103,	'Germaine',	'Tillman'),
(104,	'Brad',	'Torp'),
(105,	'Aylin',	'Mann'),
(106,	'Xander',	'Grant'),
(107,	'Diana',	'Veum'),
(108,	'Kathleen',	'Lehner'),
(109,	'Rhoda',	'Erdman'),
(110,	'Kaya',	'Stoltenberg'),
(111,	'Else',	'Harris'),
(112,	'Gunnar',	'Lind'),
(113,	'Brett',	'Rowe'),
(114,	'Guy',	'Hermiston'),
(115,	'Abagail',	'Wehner'),
(116,	'Van',	'Kling'),
(117,	'Ardith',	'Hettinger'),
(118,	'Okey',	'Kulas'),
(119,	'Jane',	'Gleichner'),
(120,	'Annabell',	'Breitenberg'),
(121,	'Rick',	'Emard'),
(122,	'Lucy',	'Murphy'),
(123,	'Bennett',	'Labadie'),
(124,	'Laurel',	'McLaughlin'),
(125,	'Shyanne',	'Hagenes'),
(126,	'Adelbert',	'D\'Amore'),
(127,	'Marcelino',	'Batz'),
(128,	'Adrian',	'Grant'),
(129,	'Madonna',	'Bruen'),
(130,	'Tressie',	'Heathcote'),
(131,	'Florian',	'Haley'),
(132,	'Carole',	'Jacobi'),
(133,	'Tyreek',	'Casper'),
(134,	'Louvenia',	'Roberts'),
(135,	'Mozell',	'Armstrong'),
(136,	'Paolo',	'Williamson'),
(137,	'Natalia',	'Kautzer'),
(138,	'Chanelle',	'Wolf'),
(139,	'Orion',	'DuBuque'),
(140,	'Elena',	'Durgan'),
(141,	'Coralie',	'Hills'),
(142,	'Desmond',	'Kunde'),
(143,	'Elaina',	'Batz'),
(144,	'Grady',	'Greenholt'),
(145,	'Cordelia',	'Pfeffer'),
(146,	'Deven',	'Bashirian'),
(147,	'Moises',	'Lehner'),
(148,	'Isidro',	'Crona'),
(149,	'Devante',	'Effertz'),
(150,	'Bulah',	'Rippin'),
(151,	'John',	'Ruecker'),
(152,	'Ron',	'Herzog'),
(153,	'Raymond',	'Stoltenberg'),
(154,	'Broderick',	'Stark'),
(155,	'Lavern',	'Corkery'),
(156,	'Lennie',	'Mante'),
(157,	'Marvin',	'Beier'),
(158,	'Xander',	'Walker'),
(159,	'Cordie',	'Lemke'),
(160,	'Adolph',	'Feest'),
(161,	'Dina',	'Gibson'),
(162,	'Cortney',	'Waelchi'),
(163,	'Larue',	'Wiza'),
(164,	'Issac',	'Lehner'),
(165,	'Demario',	'Gottlieb'),
(166,	'Santina',	'Zboncak'),
(167,	'Conor',	'Graham'),
(168,	'Maxie',	'Hoppe'),
(169,	'Abigayle',	'Rowe'),
(170,	'Cleve',	'Schoen'),
(171,	'Jaden',	'Boehm'),
(172,	'Mekhi',	'Mohr'),
(173,	'Hailee',	'Braun'),
(174,	'Albin',	'Swaniawski'),
(175,	'Heaven',	'Boyle'),
(176,	'Kamryn',	'Lehner'),
(177,	'Casimer',	'Kihn'),
(178,	'Yasmeen',	'Borer'),
(179,	'Aron',	'King'),
(180,	'Jamir',	'Schumm'),
(181,	'Madisyn',	'Howell'),
(182,	'Gay',	'Feeney'),
(183,	'Billie',	'Kerluke'),
(184,	'Pearline',	'Hahn'),
(185,	'Lauriane',	'Hartmann'),
(186,	'Abigayle',	'Conn'),
(187,	'Scarlett',	'Von'),
(188,	'Gino',	'D\'Amore'),
(189,	'Chase',	'Heidenreich'),
(190,	'Kathryne',	'Mayer'),
(191,	'Rafaela',	'Daugherty'),
(192,	'Robyn',	'Goodwin'),
(193,	'Lillie',	'Rempel'),
(194,	'Orlando',	'Hauck'),
(195,	'Johnathon',	'Dietrich'),
(196,	'Alaina',	'Hudson'),
(197,	'Lucas',	'Weissnat'),
(198,	'Johnathon',	'Senger'),
(199,	'Adrain',	'Becker'),
(200,	'Kelli',	'Wolff'),
(201,	'Terry',	'Little'),
(202,	'Roslyn',	'Rempel'),
(203,	'Ressie',	'Spencer'),
(204,	'Vickie',	'Mraz'),
(205,	'Bella',	'Cartwright'),
(206,	'Jordon',	'Spinka'),
(207,	'Drake',	'Zemlak'),
(208,	'Henriette',	'Quitzon'),
(209,	'Quentin',	'Farrell'),
(210,	'Diamond',	'O\'Hara'),
(211,	'Elisabeth',	'Klein'),
(212,	'Dominic',	'Kassulke'),
(213,	'Velma',	'Wilkinson'),
(214,	'Luella',	'Reynolds'),
(215,	'Rachel',	'Gibson'),
(216,	'Samson',	'Cartwright'),
(217,	'Mckenzie',	'Kunde'),
(218,	'Kariane',	'Toy');

-- 2023-01-21 13:00:35
